filename,file_size,num_sections,num_imported_functions,num_exported_functions,has_signature,avg_section_entropy,label
TurtleRansom-v0-macos-arm64.pkg,2108610,21,59,0,0,4.556791333821694,1
TurtleRansom-v0-macos-amd64-softfloat.pkg,2093040,20,55,0,0,4.562668293748411,1
kIbwf02l,127808,7,2,1,0,2.18555189081032,1
VSearch,100872,13,114,11,0,3.1637802033960534,1
prl-monitor,67408,15,59,1,0,2.5305091981726657,1
JavaApplicationStub,64532,12,0,0,0,2.61320886989114,1
Mac-Installer.InstallerAlert,232160,29,159,1,0,2.824366253898369,1
growth,5337372,13,131,18,0,2.5591119148190598,1
com.apple.secd,10559024,14,100,0,0,3.411701651890149,1
patch,87920,13,96,0,0,2.8563070646291795,1
Cuckoo,370704,11,97,1,0,3.6059532008956983,1
XslCmd,345360,20,151,3,0,2.9384814838536326,1
e9a3ed810c5f4411a3978a160391aaf1,50096,5,7,2,0,3.186902261868408,1
MaMi,565673,31,379,293,0,2.861692577764831,1
Ventir,352160,12,23,17,0,2.5521562124421404,1
Systemd,190554,16,169,0,0,2.9872134561196955,1
xcc(3),87712,22,162,2,0,2.5624620076412445,1
xcc(2),87920,24,163,2,0,2.382303979850492,1
xcc,202400,22,162,2,0,2.5624620076412445,1
TodoTasks,442528,36,418,1,0,2.7662949468137947,1
pplauncher,3468424,20,30,0,0,3.708083568210642,1
mshelper,390604,15,235,740,0,3.0712294510450753,1
iWorkServ,200576,21,97,0,0,2.8267949172545648,1
iWorkServ,205164,25,99,0,0,2.912952480791857,1
Tsunami,42348,14,55,58,0,2.1648425679121717,1
UnPackNw,102464,27,123,9,0,2.3036907378252702,1
libConfigurer64.dylib,71296,12,43,23,0,2.5056601488304273,1
UltraEdit,65543568,31,1372,6339,0,3.5670122377750317,1
test,2689776,16,274,4948,0,3.286110747904418,1
fseventsd,67384,10,45,23,0,2.875736831143233,1
GoogleUpdate_UNPACKED,5961476,12,165,0,0,3.8037993345326604,1
libcrypto.2.dylib,510432,31,472,75,0,2.707723880295816,1
GetShell,20800,4,1,0,0,1.857258242720703,1
apple.finder,2471616,21,61,0,0,4.52318496863394,1
CloudChat,87681744,37,1546,257,0,3.1805678433041584,1
Updater,83664,26,91,1,0,2.172572606499006,1
libCloudchat.dylib,1839776,15,64,0,0,3.3439343792761087,1
clip_.Safari_V8_config,3566224,21,75,0,0,4.643545115158555,1
CloudChat,87681744,37,1546,257,0,3.1805678433041584,1
Updater,83664,26,91,1,0,2.172572606499006,1
libCloudchat.dylib,5600896,18,115,23,0,3.3430348558702856,1
SMSSend,13208680,31,105,0,0,2.6574119734592205,1
Mac File Opener,275184,29,57,10,0,2.685196749953649,1
Le╠é Thu Ha╠Ç (HAEDC),162688,15,81,1,0,3.406247147970161,1
Le╠é Thu Ha╠Ç (HAEDC),162688,15,81,1,0,3.406247147970161,1
rodrigo_HexEncoded,291360,12,68,92,0,3.27475320664913,1
rodrigo_Base32Encoded,248352,9,38,14,0,3.211629408738083,1
xib2Storyboard_SignedNotarized,202480,27,55,1,0,2.643213192737553,1
mdworker,114896,12,138,0,0,2.48922499977936,1
Macarena,16916,10,36,0,0,1.4998787153726214,1
XAgent,385068,33,469,9,0,2.735292909987641,1
WireLurker,3293420,24,55,9,0,2.3128533305744665,1
Lamadai,42556,10,115,0,0,2.262672210315072,1
Olyx,44120,11,48,1,0,3.2584229964269538,1
Olyx,46120,8,37,0,0,3.000783577977441,1
Revir.dmg,188951,10,21,6,0,2.3499661470298614,1
Revir,39596,21,25,7,0,2.0267719939347444,1
Revir,28672,12,15,6,0,2.376167549219733,1
lckmac,3120592,17,84,33,0,2.9623981138047903,1
lc,9252840,17,125,27,0,3.0486608086162486,1
22,9719369,17,126,28,0,3.343987832566012,1
install,791264,8,2,6,0,2.7670943843751656,1
Crisis,678784,8,2,6,0,1.7926231018354877,1
SubMenu.nib,673092,14,119,109,0,3.6266250613470965,1
applet,25032,9,4,1,0,2.1250993882644775,1
applet,25032,9,4,1,0,2.1250993882644775,1
Genieo,1175440,33,375,6,0,2.6940744199210873,1
63098c56b112c40522d224caae42b2aa44e5d62205457c1955782776d1915d6c,156544,12,68,68,0,2.9483938027690275,1
Jami,770832,14,144,28,0,3.3428546816342246,1
ef130f1941077ffe383fe90e241620dde771cd0dd496dad29d2048d5fc478faf,4592592,20,47,0,0,4.444076481236147,1
payload.so,2349936,20,97,26,0,2.8236270749699117,1
applet,134144,4,2,1,0,2.6491858051067383,1
applet,134144,4,2,1,0,2.6491858051067383,1
liboptimizer.dylib,10748064,20,197,384,0,3.5839342315585823,1
BackTrack,101248,30,116,25,0,2.422296826838991,1
AbkPro,389852,25,170,0,0,2.888672624667677,1
skypelog,39812,9,36,0,0,2.506167482533011,1
LogKextInstaller,71896,20,35,0,0,2.2398636596047963,1
libsqlite3.7.5.dylib,1801716,10,74,0,0,3.2738108748672303,1
Connection,1632596,26,367,0,0,3.441856335396398,1
DropletLauncher,46860,19,16,0,0,1.852479868442704,1
Connection,1632596,26,367,0,0,3.441856335396398,1
DropletLauncher,46860,19,16,0,0,1.852479868442704,1
Connection,1632596,26,367,0,0,3.441856335396398,1
DropletLauncher,46860,19,16,0,0,1.852479868442704,1
EDCommon,458220,27,138,0,0,3.4400588472150826,1
EDCommon,458220,27,138,0,0,3.4400588472150826,1
EDCommon,458220,27,138,0,0,3.4400588472150826,1
EDMessage,377628,26,96,0,0,3.0073686161904623,1
EDMessage,377628,26,96,0,0,3.0073686161904623,1
EDMessage,377628,26,96,0,0,3.0073686161904623,1
ShortcutRecorder,238516,24,88,0,0,2.6209535977880543,1
ShortcutRecorder,238516,24,88,0,0,2.6209535977880543,1
ShortcutRecorder,238516,24,88,0,0,2.6209535977880543,1
banshee,920200,11,153,538,0,3.6040321788696943,1
SpellingChecker,154224,28,148,1,0,2.4370153986738177,1
IPStorm,8216592,1,0,0,0,7.884165204760172,1
IPStorm_unpacked,20172924,19,148,49,0,3.1643091063624653,1
PerfectKeylog,25356,19,24,0,0,2.052864802006009,1
LaoShu,43072,31,59,1,0,2.247169662422377,1
MacSpy,5556068,42,714,1,0,2.9988326642499183,1
Careto,89828,11,51,0,0,2.9974156986230995,1
Install Adobe Flash Player,949216,33,380,201,0,2.986632480004015,1
Install,56608,24,79,5,0,2.24294116348308,1
Installdp,2010428,15,176,4333,0,3.2086225502386068,1
DropBox,109464,30,143,1,0,2.5165585163836326,1
GUI,416864,32,390,102,0,2.856590548169211,1
tool,174192,16,47,14,0,2.95537716791355,1
VisualStudioUpdater_Patch,6964136,15,227,1,0,3.2798822778635714,1
Cointrazer,56224,27,87,1,0,2.1909456701292642,1
Licatrade,56512,29,90,1,0,2.229063060301677,1
Clapzok,84794,13,86,1,0,2.7376686324486537,1
Esilet-tmpg7lpp,39156,9,68,0,0,3.2109762199250795,1
FinderFontsUpdater,186240,19,26,1,0,2.579571440871484,1
safarifontsagent,153424,9,49,1,0,3.38756330373813,1
Coinbase_online_careers_2022_07.pdf_,958160,9,34,1,0,3.519567310022057,1
Installer,459248,14,133,63,0,3.096941896486966,1
Dockster,241621,13,115,0,0,3.2248659153331554,1
Lamzev,34308,9,29,0,0,2.369430704466194,1
wsus,8136408,19,1683,6194,0,3.2265323914849957,1
binder,1766908,26,71,14,0,2.5323915187855244,1
kextd,89116,28,111,0,0,2.46876162394286,1
lsd,78704,32,137,1,0,2.376242902713293,1
lsd,78704,32,137,1,0,2.376242902713293,1
darwinx64,3866806,1,0,0,0,7.876215888010478,1
init,57832,11,44,21,0,2.8918928389163603,1
IceFog,32748,27,54,1,0,2.295320324380818,1
CodeSignature,230464,24,66,1,0,2.467942437346674,1
Google Chrome,230464,24,66,1,0,2.4692021615651805,1
ResignTool,474832,28,251,1,0,2.840556786124349,1
mac,13783992,34,1100,18,0,3.070680246969915,1
Mokes,14371256,34,1085,1715,0,3.06246079814017,1
Trading View,790688,29,398,7,0,2.6251242943659006,1
MapperState.system,430544,25,343,20,0,2.9926540114608917,1
com.adobe.acc.network,12402432,15,432,8402,0,3.796169442423997,1
com.adobe.acc.localhost,1083052,14,265,313,0,3.3234400751365407,1
lauth,13646960,8,13,1,0,3.0971151644567145,1
com.adobe.acc.installer.v1,27568,7,2,1,0,2.2212713220959293,1
softwareupdate,708720,29,698,1,0,3.036446885544864,1
ZQEifWNV2l,152196,11,150,1,0,3.7480791485367773,1
ProcessRequest_2,171872,19,28,1,0,2.629273634111417,1
ProcessRequest,169488,12,18,1,0,2.754797875289436,1
BlackHole,4831572,9,1478,0,0,2.8205866688329317,1
installer,244988,33,105,11,0,2.462685204490572,1
logind,34432,26,51,11,0,2.346962400580599,1
helper,34292,26,55,11,0,2.151770458570638,1
installer,63396,29,75,11,0,2.275440823480767,1
helper3,27364,13,39,1,0,2.1932115413998727,1
logind,20392,7,40,0,0,2.826216016909105,1
logind,536860,14,21,0,0,2.532471456147417,1
arachnoidal,14733080,30,6965,14691,0,2.6006545737740154,1
activity_agent,468572,33,260,1,0,2.769990409561866,1
Elmedia Player,44592,25,79,1,0,2.2564713827664833,1
Updater,724696,34,336,1,0,2.9129975549750498,1
iWebUpdate,161624,14,65,1,0,2.7418772761878896,1
rShell_2,253712,13,177,117,0,3.633295678882723,1
rShell,253664,13,176,117,0,3.6381864821978662,1
CallMe,104140,13,57,0,0,2.3024761886887823,1
MacSecurity,311588,29,99,35,0,2.754437810545073,1
MacRansom,18492,8,40,1,0,3.144322063226962,1
MacKontrol,95828,19,77,6,0,2.4214317544198267,1
MacKontrol.dmg,100376,19,82,6,0,2.4562903304918464,1
WindowServer,892120,13,139,1,0,3.437741235557261,1
UpdateAgent,43139,15,47,1,0,2.9394421248766567,1
libffmpeg.dylib,4979136,13,100,1646,0,3.5118558080738302,1
Pintsized,695044,15,353,767,0,2.998111176797944,1
WeaponX,27608,4,240,0,0,2.82495357773707,1
nvh82ks.pyd,121200,14,80,1,0,2.644738262919323,1
updeventsd,277296,17,170,1,0,2.820469446652845,1
lsjnc8t.avif2,277200,17,169,1,0,2.835127012761475,1
Office 2016 Patcher,53712,26,68,1,0,2.268306074324994,1
libswiftDarwin.dylib,67264,22,58,217,0,2.5268008661665657,1
libswiftQuartzCore.dylib,48592,23,24,13,0,2.19708342096448,1
libswiftCoreGraphics.dylib,156256,26,174,263,0,2.4718903683842544,1
libswiftIOKit.dylib,35456,7,4,53,0,1.8362368716413493,1
libswiftDispatch.dylib,347584,34,232,936,0,2.7524448076309542,1
libswiftCore.dylib,5297152,43,229,7644,0,2.83500869225024,1
libswiftFoundation.dylib,1966544,38,656,4211,0,2.83508655439188,1
libswiftAppKit.dylib,106304,28,115,89,0,2.311110449400405,1
libswiftObjectiveC.dylib,57552,28,64,85,0,2.297725542186636,1
libswiftCoreImage.dylib,35584,6,8,1,0,1.1754846694108296,1
libswiftCoreData.dylib,102656,26,82,220,0,2.2827097982286526,1
libswiftXPC.dylib,36528,14,30,28,0,1.5805291829574881,1
License.rtf,3097280,16,87,6,0,2.955588943178916,1
GoPhoto,478448,32,177,1,0,3.065243071045905,1
kitty,55298,14,50,8,0,2.9834626077450537,1
Yontoo,386000,26,1397,1,0,3.522673560993622,1
General.rtf,139264,2,0,0,0,0.0,1
xmrig2,402812,16,95,183,0,2.6201604254763033,1
growth,5337372,13,131,18,0,2.5591119148190598,1
LessonOne,230128,34,179,1,0,2.5827444083616236,1
AwesomeTemplate,20387920,33,375,2637,0,2.792829887818077,1
locker_Apple_M1_64,412227,13,118,469,0,3.4129467425417035,1
254a442ce7d8a2fcfb83c1db2c6d606685906301dc375a9150e987607d422804,34216,6,25,2,0,3.0298338627606225,1
SniperSpy,68376,24,44,13,0,2.675141294554008,1
a83fbe4cffc9d931365a7dd5ea01b8b04df0ec69ac51a4cbb59907459a1a0936,76476,11,67,0,0,2.4442713330728725,1
302d359c329122f0e7638ac7d29af2d4d3f2980cb1256bd3c0f08a1671e079f0,65600,11,0,0,0,1.5561041750501716,1
ConduitNPAPIPlugin,49704,28,60,36,0,2.0062619370899695,1
SearchProtect,277956,31,327,9,0,2.4830316017082485,1
EasyDoc Converter,131400,28,76,1,0,2.4971833879774032,1
libevent-2.0.5.dylib,353600,13,85,0,0,3.2025956343169457,1
conn,4162888,15,236,0,0,3.3883398731930905,1
nc,29752,13,57,54,0,2.804321454800994,1
wacaw,76020,30,94,0,0,1.046793752503825,1
script,35423119,21,5153,32674,0,3.267502398712741,1
GrowlHelper,210964,13,190,0,0,2.90065777808635,1
FlashBack,59861,12,47,1,0,3.0712609154102,1
DevilRobber,13088,8,27,0,0,2.6241877922830117,1
fxagent,34852,10,69,0,0,2.667094384755575,1
openal.dylib,256696,19,4,0,0,2.9261068811403215,1
libjinput-osx.jnilib,64608,8,28,0,0,3.197903806297311,1
liblwjgl.jnilib,1213968,14,35,0,0,2.2736278038385374,1
AppStore,50672,28,47,1,0,2.4981061838797607,1
AppStore,190432,28,49,1,0,2.44769931027352,1
mt.dat,28884,10,41,41,0,2.509583920613597,1
helper,17000,1,0,0,0,7.585303604486586,1
WebTwainService,21096,1,0,0,0,6.6747880695755875,1
com.dynamsoft.WebHelper,194544,14,168,106,0,2.7620369351528553,1
vHook 3,69608,14,113,29,0,2.5038624002168888,1
unioncryptoupdater,79760,20,89,1,0,2.6887717264404785,1
CrashReporter,39168,18,48,1,0,2.4833155452092024,1
Updater,50320,12,104,25,0,3.3075558150804483,1
Calisto,120400,26,211,1,0,2.502872288195189,1
MacKeeper,837600,33,270,1,0,2.6514572791989357,1
usrnode,109376,31,125,1,0,2.5606215451020526,1
usrnode,109312,31,124,1,0,2.5420086981292247,1
usrnode,109376,31,125,1,0,2.5606215451020526,1
usrnode,109440,31,126,1,0,2.5663215150403778,1
OOMP,39596,11,112,0,0,2.489406176923765,1
7bb9b3ea882db648578ea396a9a8cec5.bin,73360,10,61,22,0,2.3840275207343926,1
Stage_3,11843410,14,247,1978,0,2.943568823070214,1
swiftBucket_stage2,239008,20,159,2,0,2.4227878572546353,1
Internal PDF Viewer,215488,26,64,1,0,2.7499065047255846,1
applet,8648,10,4,1,0,1.8861393374491076,1
types-config.ts,360176,14,123,1,0,3.2901720666923437,1
FileZilla-Installer,289856,2,0,0,0,0.0,1
MacSweeper,451960,25,151,0,0,2.5784732192466335,1
applet,361680,16,202,471,0,3.1249436509270128,1
FkCodec,1115952,33,420,577,0,2.6018695905047444,1
Application Stub,69308,31,113,6,0,2.2675488818010057,1
com.apple.audio.driver,983040,2,0,0,0,0.0,1
EmptyApplication,38324,12,26,2,0,2.4067333091792116,1
flashlightd,47944,1,0,0,0,7.745142611000004,1
spellagentd,108232,16,105,6,0,3.090955986702835,1
Noi dung chi tiet,96708,28,159,6,0,2.5830637647660417,1
2nd-stage.bin,650476,15,85,1,0,2.738707346622638,1
mount_devfs,266352,16,121,1,0,3.9332119140418467,1
Mabouia,53872,1,0,0,0,7.742257979561036,1
Enigma,17153627,14,93,1,0,2.379495999154677,1
CoinTicker,488672,33,359,1,0,2.8862082534863736,1
libswiftDarwin.dylib,89872,23,149,307,0,2.4654745551984685,1
libswiftMetal.dylib,69152,22,41,31,0,2.173046824415276,1
libswiftos.dylib,49840,20,62,34,0,2.2712512733005887,1
libswiftQuartzCore.dylib,52752,23,26,7,0,2.1595324945628556,1
libswiftCoreGraphics.dylib,188544,22,229,423,0,2.7749635256351093,1
libswiftIOKit.dylib,36432,7,5,53,0,1.8320328267484922,1
libswiftDispatch.dylib,302672,33,227,660,0,2.7881577334977226,1
libswiftCore.dylib,6152160,45,235,10750,0,2.7349522612727792,1
libswiftFoundation.dylib,2844560,37,815,3679,0,2.8929593059563965,1
libswiftAppKit.dylib,167216,32,177,183,0,2.498927295890252,1
libswiftObjectiveC.dylib,61312,28,73,56,0,2.312756908124196,1
libswiftCoreImage.dylib,40720,6,10,1,0,1.1758842567849452,1
libswiftCoreData.dylib,96192,25,70,220,0,2.254766560868707,1
libswiftCoreFoundation.dylib,32272,15,9,4,0,2.0998705398497375,1
libswiftXPC.dylib,36336,13,31,28,0,1.5493369122945306,1
Tored,2236384,9,1542,0,0,2.8284873982998633,1
KoobFace.dylib,44684,13,36,0,0,2.638075741531298,1
flashyComposer,2131776,9,1807,0,0,2.798100934994716,1
Leverage,2238993,9,1814,0,0,2.787413329496839,1
covid,704528,1,0,0,0,7.875785053924713,1
softwareupdated,11644464,13,105,0,0,3.045566423263805,1
Bitdefender Adware Removal Tool,290416,30,164,345,0,2.632854363095363,1
MacOs,1458520,1,0,0,0,7.925201297054983,1
6181875aaec9c1e3c39b2466e67b8c2f43f4246c89fbfa29093ba8d120d563c6,6593528,20,0,0,0,3.0326985345751702,1
macs,254016,31,195,0,0,2.6815689950468395,1
weed,551360,13,460,1026,0,3.1225141844797832,1
GoogleSoftwareUpdate,2844608,20,215,0,0,3.103860364929486,1
python,58432,11,60,3,0,2.7759910644950616,1
installer,108432,11,27,0,0,2.5613805447683915,1
sox,4048088,14,211,1836,0,3.2360611584811774,1
mt,65700,15,35,0,0,2.273405478117931,1
python.o,16532,15,6,0,0,2.891546308394401,1
libpython2.7.dylib,2613824,13,231,1384,0,3.6021374577665153,1
libpython2.7.a,2613824,13,231,1384,0,3.6021374577665153,1
Application Stub,79856,31,113,6,0,2.2675488818010057,1
applet,134144,4,2,1,0,2.6491858051067383,1
applet,134144,4,2,1,0,2.6491858051067383,1
WatchCat,66848,12,73,1,0,3.1561869021205102,1
macshare,54728,8,77,40,0,2.3552978694517472,1
ChatZum,39456,27,54,10,0,2.0521670194211428,1
JavaW,167936,2,0,0,0,0.0,1
Install,9028,11,18,0,0,2.4262583149283063,1
0,177044,11,14,1,0,3.2071765585029395,1
1,754384,26,287,0,0,3.2479943875872053,1
AdobePIM.dylib,1113824,21,274,33,0,3.8095062983211907,1
UpdaterInventory,331616,19,193,7,0,3.3887910654940097,1
UpdaterInventory,331616,19,193,7,0,3.3887910654940097,1
UpdaterInventory,331616,19,193,7,0,3.3887910654940097,1
arch,24228,17,40,16,0,1.9480712756070873,1
at,15292,18,32,15,0,1.9852288928805568,1
installer_v2021,2575107,17,182,335,0,2.9964639488486577,1
UserAgent_v2019,2348012,17,231,2239,0,3.598797244456357,1
kAgent,67376,29,140,50,0,2.3858768858461095,1
UserAgent_v2021,2068908,30,315,1251,0,3.081921354212545,1
client,2816772,17,180,342,0,2.994475171645395,1
i,587340,30,466,35,0,2.9572101717289723,1
Mughthesec,2700424,32,786,1834,0,2.8016566624498225,1
mac,496176,30,418,30,0,2.891782767479838,1
libcurl.4.dylib,357216,14,120,61,0,2.5795623077401215,1
CorelDRAW,730896,32,262,1,0,3.028798738542935,1
Wirenet,78140,14,130,1,0,3.34462206606545,1
Finder,63768,13,173,0,0,3.2575277813865218,1
libShellCommand,84864,28,121,7,0,2.309193974021994,1
libFileManage,111520,28,115,8,0,2.387315843329356,1
libProcessAndApp,108496,30,134,10,0,2.2516144565681375,1
libCameraShot,95440,29,146,6,0,2.2481761028951013,1
libAudioRecorder,87184,28,129,4,0,2.1922112970075918,1
C40F0D27 2,1252656,31,1086,281,0,2.996445183639585,1
ddss,13456,8,16,6,0,2.420990435618503,1
libKeyChains,125248,31,194,10,0,2.3417688137836645,1
libBrowserHistory,84480,28,109,4,0,2.1262030902535227,1
libLanDevices,127536,28,183,14,0,2.2115749779050335,1
libWifiList,107920,30,134,10,0,2.281289246272025,1
HackBrowserData,18028224,15,106,0,0,3.2036392249599124,1
xcassets,22032,9,26,1,0,3.1466937266471304,1
Pods,22032,9,26,1,0,3.143960699387933,1
xcassets(1),22032,9,26,1,0,3.146973592642404,1
applet,8648,10,4,1,0,1.8861393374491076,1
CoinThief,66508,33,74,9,0,2.345732037782897,1
FileCoder,363584,16,253,0,0,3.1782391794491227,1
update_556a2174398890e3d628aec0163a42a7b7fb8ffd,333904,32,297,1,0,2.834196059440683,1
update_0ae9d61185f793c6d53e560e91265583675abeb6,326688,32,311,1,0,2.841423330579906,1
log,4592664,13,121,1,0,0.46390136614141614,1
kandykorn,379824,14,190,1,0,3.3117339701305193,1
Discord,157728,18,59,2,0,2.3668985024209723,1
mdworker3,157392,22,49,1,0,2.414405429939962,1
WindowServer_2,1392512,31,589,1,0,3.066373465198888,1
WindowServer,1425456,31,590,1,0,3.0846683451348174,1
pkgupdate,241360,29,123,1,0,2.869251411697697,1
rtcfg,186772,31,261,114,0,2.300787132387735,1
relaunch,25464,26,42,10,0,2.139687162529763,1
Gopher,145276,18,51,139,0,2.4840197315188153,1
stringdups,245920,26,181,1,0,2.898396398128762,0
md5,136576,11,62,1,0,2.9360655195524914,0
leave,101312,7,14,1,0,3.4276004278114898,0
indent,118848,11,13,1,0,2.2898275838884388,0
lipo,118848,11,13,1,0,2.2898275838884388,0
psm,240224,13,118,1,0,2.750061477962542,0
git,118848,11,13,1,0,2.2898275838884388,0
iconv,102304,7,34,1,0,3.1036881756847055,0
snmpvacm,151696,9,29,1,0,2.759016149757145,0
toe,119728,9,53,1,0,2.9135641376421817,0
AssetCacheTetheratorUtil,172976,23,78,1,0,3.1279486244285613,0
tty,101184,7,11,1,0,3.211738881777033,0
cupstestppd,187072,9,74,1,0,3.2707288328681536,0
diff,237312,12,105,1,0,2.7478494836835883,0
sleep,101184,8,11,1,0,3.0411254229508544,0
git-receive-pack,118848,11,13,1,0,2.2898275838884388,0
mount_smbfs,195392,12,110,29,0,3.371988112531086,0
colrm,101392,7,16,1,0,3.453782047389507,0
cksum,118208,10,22,1,0,2.9978880057674444,0
vi,5469856,18,251,1,0,3.3014404217842253,0
ncinit,135248,8,32,1,0,2.815219524125839,0
diffstat,169472,10,61,1,0,3.144998183371114,0
ktrace,417408,19,278,1,0,2.8055976372204596,0
snmptranslate,120256,6,48,1,0,3.3983518902993683,0
dd,152576,11,52,1,0,2.982650168370779,0
screen,668416,12,149,1,0,3.335214586043714,0
afida,220096,12,68,1,0,3.581202681700067,0
db_verify,2058992,12,131,1,0,3.1855195557579914,0
mcxquery,261296,23,177,1,0,2.8027590580227977,0
reset,136256,9,56,1,0,3.070732257684204,0
lsmp,169872,11,49,1,0,2.721999663847497,0
jot,134800,9,25,1,0,2.950141649271332,0
finger,137312,10,79,1,0,3.0392575858187283,0
fsck,118960,8,40,1,0,2.753958748664477,0
javac,135664,13,35,1,0,3.0445782033512967,0
expr,102048,8,27,1,0,3.130087057870548,0
xed,118912,11,12,1,0,2.2272005164485176,0
sha1sum,136576,11,62,1,0,2.9360655195524914,0
ppdmerge,119328,8,40,1,0,2.903841321593239,0
xargs,135984,10,49,1,0,3.0601219653544804,0
malloc_history,298736,27,218,1,0,2.902096287100479,0
iconutil,136464,15,42,1,0,2.8550320850506257,0
fstyp_ntfs,101536,9,17,1,0,2.326571062739165,0
bison,118848,11,13,1,0,2.2898275838884388,0
codecctl,192896,13,121,1,0,3.0955728228914836,0
c++filt,118848,11,13,1,0,2.2898275838884388,0
who,135472,9,40,1,0,2.8204762700210475,0
shlock,101872,8,26,1,0,3.138956397441417,0
tmutil,743856,44,545,1,0,3.3452559756531084,0
llvm-g++,118848,11,13,1,0,2.2898275838884388,0
kextunload,137728,15,59,1,0,2.459218495177056,0
bm4,118848,11,13,1,0,2.2898275838884388,0
ssh-add,630544,17,252,1,0,3.145306235001587,0
fileproviderctl,295840,26,154,1,0,3.2121235061988638,0
gatherheaderdoc,118848,11,13,1,0,2.2898275838884388,0
lorder,118848,11,13,1,0,2.2898275838884388,0
uucp,258016,12,106,1,0,2.8359433630847986,0
productsign,154560,22,64,1,0,3.02201843398675,0
unexpand,101600,8,20,1,0,3.0459021193736353,0
lpr,119200,7,38,1,0,3.042311016380018,0
nslookup,3962656,13,204,1,0,3.5650149025702476,0
fstyp,101344,8,14,1,0,2.6024473757526065,0
jar,135664,13,35,1,0,3.0445782033512967,0
jjs,135664,13,35,1,0,3.0445782033512967,0
m4,118848,11,13,1,0,2.2898275838884388,0
certtool,265104,15,221,1,0,3.007296746860236,0
tail,119344,10,48,1,0,2.6809087243120233,0
jstat,135664,13,35,1,0,3.0445782033512967,0
textutil,173104,19,87,1,0,2.911532633958379,0
nclist,135248,8,32,1,0,2.815219524125839,0
productbuild,308992,26,142,1,0,3.359682377554155,0
setregion,120688,6,46,1,0,3.518792707923762,0
head,101952,9,27,1,0,3.0364432886902812,0
trash,135424,15,29,1,0,2.9308207563555753,0
git-upload-archive,118848,11,13,1,0,2.2898275838884388,0
bc,350352,11,52,1,0,3.3131324639469697,0
osacompile,141024,12,116,1,0,3.1998991089771103,0
jstack,135664,13,35,1,0,3.0445782033512967,0
cpp,118848,11,13,1,0,2.2898275838884388,0
column,135248,10,34,1,0,2.6424740633631685,0
trustcachectl,122768,9,31,1,0,2.611143793598048,0
diff3,135376,9,33,1,0,3.1046060103629824,0
nfsiod,101264,6,13,1,0,3.1030352936504535,0
getopt,100912,7,5,1,0,3.0505591714095566,0
pbpaste,135440,12,27,1,0,3.1190900017212932,0
size,118848,11,13,1,0,2.2898275838884388,0
policytool,135664,13,35,1,0,3.0445782033512967,0
bintrans,136480,11,62,1,0,2.9225120058716243,0
jlink,135664,13,35,1,0,3.0445782033512967,0
syspolicy_check,480800,43,380,1,0,3.284011793482586,0
mdimport,718880,30,614,1,0,3.274240889152255,0
avconvert,170528,22,57,1,0,3.012214229807468,0
desdp,118912,11,12,1,0,2.2272005164485176,0
uttype,154800,15,67,1,0,3.292205754355466,0
mpsgraphtool,155111072,36,579,76506,0,3.312575664799541,0
perl5.34,101840,8,20,2,0,2.7186878702235924,0
crontab,171168,11,92,1,0,2.9389623103662625,0
halt,120176,10,54,1,0,3.3335745626691065,0
lex,118848,11,13,1,0,2.2898275838884388,0
zgrep,153824,11,76,1,0,2.7644357185769803,0
javadoc,135664,13,35,1,0,3.0445782033512967,0
uudecode,136480,11,62,1,0,2.9225120058716243,0
comm,101664,9,21,1,0,2.985079702950495,0
avmetareadwrite,137136,15,51,1,0,2.945237269946695,0
flex++,118848,11,13,1,0,2.2898275838884388,0
db_checkpoint,2059056,12,132,1,0,3.185115607668403,0
sourcekit-lsp,118848,11,13,1,0,2.2898275838884388,0
avbutil,420640,26,100,1,0,3.153944413046785,0
as,118848,11,13,1,0,2.2898275838884388,0
devmodectl,161952,27,56,1,0,2.432912380666864,0
opendiff,118912,11,12,1,0,2.2272005164485176,0
c89,118848,11,13,1,0,2.2898275838884388,0
cmp,102160,9,32,1,0,2.985191273416104,0
lpoptions,119488,9,43,1,0,2.7435918559359256,0
jdb,135664,13,35,1,0,3.0445782033512967,0
pathchk,101440,8,17,1,0,3.1298732279718178,0
hpmdiagnose,386512,27,74,1,0,3.2371894296934887,0
hdxml2manxml,118848,11,13,1,0,2.2898275838884388,0
lam,101552,8,19,1,0,3.110675811093193,0
pbcopy,135440,12,27,1,0,3.139876163481205,0
tiffutil,172240,16,85,1,0,2.979140320752519,0
chfn,140320,11,113,1,0,3.0423539036089378,0
usbcfwflasher,87504,14,43,1,0,2.825483372452876,0
c++,118848,11,13,1,0,2.2898275838884388,0
xmlcatalog,119488,7,43,1,0,2.8683940235497913,0
symbols,460176,28,368,1,0,3.0517041266847045,0
jmap,135664,13,35,1,0,3.0445782033512967,0
pl,136832,13,20,1,0,3.1896566386301086,0
SetFile,118848,11,13,1,0,2.2898275838884388,0
su,121904,9,80,1,0,3.0999445081501418,0
nmedit,118848,11,13,1,0,2.2898275838884388,0
nohup,101520,7,18,1,0,3.390342810524434,0
parldyn,170704,11,65,18,0,2.8998213402873945,0
afktool,227936,19,148,1,0,3.127617236780818,0
tops,268336,26,44,1,0,2.908652394853941,0
jcmd,135664,13,35,1,0,3.0445782033512967,0
snmptrap,135792,8,36,1,0,2.6565221405414086,0
xprotect,238768,26,212,1,0,3.0194668039844554,0
base64,136480,11,62,1,0,2.9225120058716243,0
jrunscript,135664,13,35,1,0,3.0445782033512967,0
csreq,174016,16,103,1,0,3.1083641534875754,0
db_dump,2059104,12,132,1,0,3.1840793537652345,0
binhex,169664,9,59,1,0,3.834346073222695,0
tab2space,118016,8,17,1,0,2.5199273927411117,0
kmutil,5344800,39,1431,1,0,3.7762746296961507,0
uname,101504,9,17,1,0,3.0169405467463966,0
sort,206032,11,129,1,0,2.9238284017123304,0
asa,118848,11,13,1,0,2.2898275838884388,0
rmic,135664,13,35,1,0,3.0445782033512967,0
mkbom,135680,7,38,1,0,2.863366749337267,0
unvis,101376,7,15,1,0,3.5676423644450934,0
uniq,102192,9,32,1,0,2.959987515002658,0
mail,270880,12,115,1,0,2.8662908663296354,0
pluginkit,138496,18,66,1,0,2.6636044347103436,0
sha256,136576,11,62,1,0,2.9360655195524914,0
mv,119344,8,49,1,0,3.189618862707467,0
rview,5469856,18,251,1,0,3.3014404217842253,0
lastcomm,118400,9,25,1,0,2.8760066265222153,0
xxd,134992,10,30,1,0,3.235762419690326,0
stat,118768,9,35,1,0,3.2485766547423838,0
mcxrefresh,135120,13,25,1,0,2.8397739049968327,0
gnumake,118848,11,13,1,0,2.2898275838884388,0
lldb,118848,11,13,1,0,2.2898275838884388,0
dyld_usage,405200,12,120,1,0,3.4218094002208477,0
snmpnetstat,187232,10,59,1,0,2.803178103288746,0
memory_pressure,135264,9,31,1,0,3.282988246836771,0
avmediainfo,244192,21,140,1,0,3.288863204577375,0
what,101216,7,12,1,0,3.427229687263977,0
vim,5469856,18,251,1,0,3.3014404217842253,0
kcc,235856,11,139,12,0,2.829799393464215,0
scp,305664,14,127,1,0,3.13300186392649,0
touch,101792,7,25,1,0,3.648014058597215,0
hdiutil,732800,15,547,1,0,3.1583564930769312,0
bspatch,134960,8,29,1,0,2.5347292408208557,0
kgetcred,174944,9,62,7,0,3.145078317784208,0
apfs_unlockfv,154672,12,52,1,0,2.894604996142009,0
stapler,118912,11,12,1,0,2.2272005164485176,0
wdutil,254080,22,61,1,0,2.998960971604309,0
rmdir,101120,8,10,1,0,2.9373824780774638,0
ippeveprinter,293984,10,218,1,0,3.678884849386038,0
chsh,140320,11,113,1,0,3.0423539036089378,0
db_load,2092448,12,137,1,0,3.189677280564242,0
ldapexop,754592,15,249,1,0,3.026447099095963,0
eslogger,1217184,31,450,1,0,3.31234037846912,0
csh,1108448,12,651,1108,0,3.0937103656826923,0
less,368496,11,85,1,0,3.210164084627786,0
snmptest,136272,8,46,1,0,2.873733001241149,0
parl5.34,12998384,11,42,16,0,3.114819781112032,0
install,137152,10,77,1,0,3.0924178767469206,0
getconf,118288,9,26,1,0,3.3356147201879875,0
dash,274288,12,90,1,0,2.8104141260776276,0
macbinary,169968,9,60,1,0,3.358890379058844,0
unzipsfx,269056,10,90,78,0,3.0492511631565415,0
defaults,178544,14,82,1,0,3.2661487060714123,0
IOAccelMemory,240208,17,84,1,0,2.916686243993497,0
renice,101216,7,11,1,0,3.351617817104931,0
arch,121216,11,73,1,0,2.8799701500650503,0
sum,118208,10,22,1,0,2.9978880057674444,0
usdchecker,847728,10,122,2,0,4.0599356142040195,0
symbolscache,294720,15,161,1,0,3.215010467253628,0
filtercalltree,191712,23,130,1,0,3.1529607371626267,0
ippfind,171104,11,84,1,0,2.747325362856219,0
curl,552640,13,142,1,0,3.4035141487648772,0
sha512,136576,11,62,1,0,2.9360655195524914,0
tcsh,1108448,12,651,1108,0,3.0937103656826923,0
banner,134512,9,21,1,0,2.942349634426299,0
rs,134448,9,18,1,0,2.922901144933511,0
powermetrics,341552,15,155,1,0,2.887049935569889,0
seq,134832,10,26,1,0,2.8600275491819414,0
gm4,118848,11,13,1,0,2.2898275838884388,0
gencat,134992,9,29,1,0,3.1303880039980374,0
pagestuff,118848,11,13,1,0,2.2898275838884388,0
sw_vers,135552,8,27,1,0,2.9491541028859976,0
footprint,564080,33,245,1,0,3.190543548065563,0
fdesetup,853664,30,367,1,0,3.2012539843625962,0
uupick,223408,12,89,1,0,2.7837070459990296,0
cc,118848,11,13,1,0,2.2898275838884388,0
id,102192,8,32,1,0,3.189986683646492,0
calendar,203568,11,88,1,0,3.047598524222964,0
sysdiagnose,207808,28,112,1,0,2.820419126183276,0
fsck_fskit,137696,15,46,1,0,3.1788341775453914,0
jps,135664,13,35,1,0,3.0445782033512967,0
df,119152,10,42,1,0,2.8557754307583574,0
lsm,172352,23,90,1,0,2.9360264252873143,0
xcdebug,118912,11,12,1,0,2.2272005164485176,0
swift,118848,11,13,1,0,2.2898275838884388,0
stty,135504,10,40,1,0,2.877763785192347,0
infocmp,203632,11,81,1,0,2.969970918481401,0
vm_stat,101728,9,21,1,0,2.798706306083315,0
lpstat,169392,9,52,1,0,2.968059184157871,0
lskq,135360,10,34,1,0,2.902693283644486,0
javaws,135664,13,35,1,0,3.0445782033512967,0
sha1,136576,11,62,1,0,2.9360655195524914,0
swift-inspect,1885824,30,800,1,0,3.5299494888866216,0
aa,329792,11,209,1,0,3.2724145319823266,0
tr,135344,10,36,1,0,2.626318717706335,0
pack200,135664,13,35,1,0,3.0445782033512967,0
bzip2recover,101600,8,19,1,0,3.018302080233539,0
colldef,202048,12,54,1,0,2.5896583036863343,0
mddiagnose,400896,32,300,1,0,3.005679960176326,0
say,197728,15,204,1,0,2.8726526223017843,0
kextload,213040,20,178,1,0,2.8287802863746703,0
xar,137888,10,81,1,0,2.6934794398029367,0
cut,102528,8,39,1,0,3.234657832975618,0
fping,169728,11,62,1,0,2.792047062616449,0
lockstat,188672,9,72,1,0,2.8845101505018635,0
drutil,588368,28,370,1,0,3.1005899061421083,0
pico,1441424,12,152,1,0,3.4974005773715966,0
IOMFB_FDR_Loader,244640,12,129,1,0,3.085494220355439,0
zegrep,153824,11,76,1,0,2.7644357185769803,0
ldapurl,651888,15,223,1,0,2.9887752569955066,0
usdextract,827088,10,116,2,0,4.0397081449144965,0
rpcgen,118848,11,13,1,0,2.2898275838884388,0
join,135216,10,35,1,0,2.6180292065938247,0
jarsigner,135664,13,35,1,0,3.0445782033512967,0
mkfifo,101360,8,15,1,0,3.0240085541369166,0
segedit,118848,11,13,1,0,2.2898275838884388,0
bzegrep,153824,11,76,1,0,2.7644357185769803,0
ul,134992,9,30,1,0,2.9493229256739664,0
locate,135152,10,33,1,0,2.6809311328044862,0
ncdestroy,135248,8,32,1,0,2.815219524125839,0
hexdump,136160,11,54,1,0,2.8901232271021833,0
infotocap,221392,11,109,1,0,2.902970702546939,0
mdutil,316000,19,266,1,0,2.9819482489173277,0
iperf3-darwin,468896,14,306,1,0,3.1258388638841006,0
vis,118256,9,22,1,0,2.966009264069017,0
false,84128,3,0,1,0,3.1427114567369414,0
git-upload-pack,118848,11,13,1,0,2.2898275838884388,0
mandoc_soelim,103248,7,26,3,0,2.916922556450239,0
clang++,118848,11,13,1,0,2.2898275838884388,0
mesg,101120,7,10,1,0,3.1378682897113648,0
mdls,136416,13,39,1,0,3.0511945622525474,0
ditto,172576,12,89,1,0,2.5687755298184913,0
libtool,118848,11,13,1,0,2.2898275838884388,0
ex,5469856,18,251,1,0,3.3014404217842253,0
ldapadd,787728,15,250,1,0,3.0338879859643257,0
umtool,204288,25,57,1,0,3.0591798264078665,0
groups,102192,8,32,1,0,3.189986683646492,0
db_codegen,2091856,12,131,1,0,3.1968882231045157,0
[,101456,8,16,1,0,3.135322677374519,0
app-sso,173584,22,74,1,0,2.8846854058054903,0
bzgrep,153824,11,76,1,0,2.7644357185769803,0
grep,153824,11,76,1,0,2.7644357185769803,0
csplit,119072,8,44,1,0,3.2386465750605273,0
unifdef,118848,11,13,1,0,2.2898275838884388,0
clangd,118848,11,13,1,0,2.2898275838884388,0
ln,102080,9,30,1,0,3.0297519865725713,0
reboot,120176,10,54,1,0,3.3335745626691065,0
login,139312,11,102,1,0,2.8445158214453348,0
true,84128,3,0,1,0,3.0046167035562754,0
fibreconfig,172592,15,91,1,0,2.6910766937463553,0
zipcloak,239008,12,67,1,0,2.9000547915839356,0
GetFileInfo,118848,11,13,1,0,2.2898275838884388,0
cpio,160320,9,148,1,0,3.307487102901692,0
find,171280,11,98,1,0,2.976591434797561,0
actool,118912,11,12,1,0,2.2272005164485176,0
tmdiagnose,341936,28,152,1,0,3.173976915676809,0
cu,326352,12,137,1,0,2.978301546578622,0
lsvfs,117888,9,14,1,0,2.7355088640221954,0
snmpdf,102512,8,30,1,0,2.859033845660586,0
ldapdelete,754512,15,248,1,0,3.029284468463598,0
csrutil,381856,28,162,1,0,3.0992079219393402,0
rev,101328,7,14,1,0,3.3271577843882816,0
xattr,118944,9,39,1,0,2.9542444887244805,0
nbdst,121104,7,56,1,0,3.38668069661911,0
osalang,101504,8,15,1,0,2.660202076072867,0
sdiff,136672,11,65,1,0,2.7253963006787596,0
sync,100784,5,2,1,0,2.9420729659618114,0
basename,101584,7,19,1,0,3.4250922173581633,0
vimdiff,5469856,18,251,1,0,3.3014404217842253,0
strings,118848,11,13,1,0,2.2898275838884388,0
tic,221392,11,109,1,0,2.902970702546939,0
keytool,135664,13,35,1,0,3.0445782033512967,0
killall,119088,7,43,1,0,3.659479549984624,0
ksh,2566144,12,247,1,0,3.3144278112245935,0
otool,118848,11,13,1,0,2.2898275838884388,0
caffeinate,136000,11,40,1,0,2.482762521092922,0
db_recover,2059104,12,132,1,0,3.186388244005349,0
yaa,329792,11,209,1,0,3.2724145319823266,0
pmset,368960,19,271,1,0,2.8976593285560823,0
auvaltool,400464,14,222,1,0,3.457639407948295,0
clang,118848,11,13,1,0,2.2898275838884388,0
at,170816,11,94,1,0,3.0670102606370677,0
fstyp_udf,101568,9,18,1,0,2.403395585805173,0
update_dyld_shared_cache,84272,3,1,1,0,3.023671685930957,0
wc,102240,8,30,1,0,3.1520145661149566,0
talk,138144,12,90,1,0,2.6428815256445772,0
gunzip,194992,11,104,2,0,3.0444454246039725,0
pwd,101296,7,14,1,0,3.3358800544427147,0
notifyutil,120688,9,50,1,0,2.987960470694109,0
sdp,118912,11,12,1,0,2.2272005164485176,0
git-shell,118848,11,13,1,0,2.2898275838884388,0
sftp,339680,14,147,1,0,3.1003223449584696,0
dirname,101184,7,11,1,0,3.235300380011047,0
readlink,118768,9,35,1,0,3.2485766547423838,0
usdcrush,873936,10,137,2,0,4.094402948508226,0
bzcat,169296,11,56,1,0,2.7282453373835645,0
ipcrm,101536,8,19,1,0,3.090569821401297,0
paste,118112,9,20,1,0,2.782347190718365,0
apply,102400,7,37,1,0,3.6022680378626935,0
log,617536,31,328,1,0,3.2714968460486746,0
bzip2,169296,11,56,1,0,2.7282453373835645,0
jinfo,135664,13,35,1,0,3.0445782033512967,0
jdeps,135664,13,35,1,0,3.0445782033512967,0
ldappasswd,754448,15,248,1,0,3.028335529849886,0
col,101680,8,21,1,0,3.183240222096515,0
install_name_tool,118848,11,13,1,0,2.2898275838884388,0
time,135248,9,35,1,0,3.092552183076014,0
Rez,118848,11,13,1,0,2.2898275838884388,0
sha224,136576,11,62,1,0,2.9360655195524914,0
ssh-agent,627456,13,227,1,0,3.0275372827673905,0
strip,118848,11,13,1,0,2.2898275838884388,0
mknod,118512,8,28,1,0,3.552927970445649,0
mount_webdav,101344,7,14,1,0,3.0893532762627123,0
look,118240,9,22,1,0,2.900684328048824,0
uuencode,136480,11,62,1,0,2.9225120058716243,0
mount_9p,136656,12,42,1,0,2.9089359336472413,0
od,136144,11,54,1,0,2.8901232271021833,0
snmpget,102320,6,27,1,0,3.3607721647564275,0
logname,101088,7,9,1,0,3.0840733221401,0
bunzip2,169296,11,56,1,0,2.7282453373835645,0
osascript,175776,26,138,1,0,2.730138041299951,0
AssetCacheManagerUtil,227712,24,147,1,0,3.2034829325282526,0
gktool,180544,24,139,1,0,2.809382101988541,0
egrep,153824,11,76,1,0,2.7644357185769803,0
csfdiagnose,455392,25,328,1,0,3.2182830290718454,0
hiutil,290736,27,124,1,0,3.2577514339088385,0
nfsd,310304,13,197,1,0,2.634634139038135,0
cap_mkdb,118096,9,20,1,0,2.810111754873752,0
kdestroy,157344,9,52,7,0,3.14039888308537,0
servertool,135664,13,35,1,0,3.0445782033512967,0
demandoc,556240,10,71,151,0,3.2197847866131974,0
gzip,171744,11,102,1,0,3.0444454246039725,0
plockstat,136768,9,49,1,0,2.4930556030098447,0
openssl,1113296,12,1072,155,0,3.5470474052836614,0
unlink,119216,9,45,1,0,3.096261438942542,0
snmpwalk,135568,9,32,1,0,2.580992426028485,0
uulog,206032,11,74,1,0,2.880251836324675,0
uustat,291040,12,106,1,0,2.94020921668462,0
locale,189216,12,70,1,0,3.222764741587975,0
nano,1441424,12,152,1,0,3.4974005773715966,0
vmmap,263776,29,200,1,0,3.1069716718941787,0
zipnote,221840,12,57,1,0,2.836846341275823,0
lprm,101632,6,17,1,0,3.1384865149103174,0
avbdiagnose,238592,22,78,1,0,2.8682805934561437,0
b64encode,136480,11,62,1,0,2.9225120058716243,0
funzip,123216,9,30,23,0,2.744060919698436,0
ssh-keyscan,662256,13,218,1,0,3.0731146503446922,0
smbutil,386496,19,185,88,0,3.0702596916918115,0
usdcat,992096,10,163,3,0,4.114046539911719,0
unzip,436976,11,102,103,0,3.189565343991516,0
mount_fdesc,117888,7,13,1,0,2.8813248027561937,0
open,306720,28,130,1,0,2.7657879213042635,0
dns-sd,207792,11,85,1,0,2.9429483120354685,0
dsexport,136928,20,53,1,0,2.9849163174097586,0
lsbom,136704,8,50,1,0,2.7417268811788285,0
wait4path,101056,7,8,1,0,3.332081110296865,0
newfs_fskit,137696,15,46,1,0,3.1789692145424095,0
script,136128,10,54,1,0,2.9162552048609314,0
clear,100976,7,6,1,0,2.789289155040009,0
tee,101232,8,12,1,0,2.9442998776133447,0
viewdiagnostic,163712,22,138,1,0,3.035690619144933,0
bash,1293888,12,201,1,0,3.030421176971879,0
crlrefresh,137440,13,58,1,0,3.2131227876431576,0
osadecompile,102832,7,39,1,0,3.0458624610797846,0
dmesg,101168,7,10,1,0,3.1476485148092403,0
cancel,118976,6,34,1,0,3.2531170120666357,0
resolveLinks,118848,11,13,1,0,2.2898275838884388,0
ipptool,223920,9,145,1,0,2.971150999363922,0
file,551136,12,135,1,0,3.024395880455897,0
ctf_insert,118848,11,13,1,0,2.2898275838884388,0
agvtool,118912,11,12,1,0,2.2272005164485176,0
fold,101808,8,24,1,0,3.021809329639378,0
sh,101232,8,10,1,0,2.981718758023055,0
sha384,136576,11,62,1,0,2.9360655195524914,0
md5sum,136576,11,62,1,0,2.9360655195524914,0
headerdoc2html,118848,11,13,1,0,2.2898275838884388,0
nc,171040,12,75,1,0,2.4865612613326546,0
b64decode,136480,11,62,1,0,2.9225120058716243,0
unpack200,135664,13,35,1,0,3.0445782033512967,0
chmod,120784,10,70,1,0,2.8851396817060984,0
macoserror,101248,7,10,1,0,3.2664187150137995,0
ls,154624,11,90,1,0,2.8889617915212598,0
hidutil,172496,21,74,1,0,2.628412196282759,0
expand,101616,8,20,1,0,3.086044506902054,0
atq,170832,11,94,1,0,3.0670102606370677,0
ctags,118848,11,13,1,0,2.2898275838884388,0
mg,403680,12,132,1,0,2.9818646736485825,0
ld,118848,11,13,1,0,2.2898275838884388,0
xcodebuild,118912,11,12,1,0,2.2272005164485176,0
snmpbulkwalk,135680,8,34,1,0,2.6813161127698466,0
passwd,139840,11,97,1,0,2.7190896557657678,0
shortcuts,386304,37,321,1,0,3.2582203087807122,0
pgrep,138240,10,76,1,0,2.8530207890654484,0
jconsole,135664,13,35,1,0,3.0445782033512967,0
c99,118848,11,13,1,0,2.2898275838884388,0
tccutil,136880,13,34,1,0,2.7325298286782638,0
derq,137456,15,64,1,0,2.671874888453721,0
expect,101840,6,19,1,0,3.0618931660574176,0
mnthome,136160,10,45,1,0,2.5407165747739047,0
kinit,199888,10,172,9,0,2.937208388129391,0
gcore,309376,11,176,1,0,2.922406069847483,0
thermal,137824,10,67,1,0,3.1609612267276237,0
jcontrol,135664,13,35,1,0,3.0445782033512967,0
sc_usage,169568,9,64,1,0,3.102703974258473,0
java,135664,13,35,1,0,3.0445782033512967,0
ping,170624,12,67,1,0,2.556869847624054,0
logger,118144,8,20,1,0,3.3322248255000853,0
ictool,118912,11,12,1,0,2.2272005164485176,0
dsimport,224256,24,126,1,0,3.060524220214411,0
python3,118848,11,13,1,0,2.2898275838884388,0
rm,119216,9,45,1,0,3.096261438942542,0
sandbox-exec,102560,6,34,1,0,3.329802005547266,0
xcode-select,119104,7,34,1,0,3.1265816468021113,0
uncompress,135296,9,37,1,0,3.040322326759519,0
encode_keychange,136304,10,44,1,0,2.3513805208691556,0
hostname,101184,7,11,1,0,3.3221218823284495,0
mpioutil,323424,26,102,1,0,2.8882124022921536,0
unifdefall,118848,11,13,1,0,2.2898275838884388,0
SplitForks,118848,11,13,1,0,2.2898275838884388,0
pr,135664,10,44,1,0,2.828892548469475,0
SafeEjectGPU,136048,15,33,1,0,2.740208973767612,0
genstrings,118912,11,12,1,0,2.2272005164485176,0
atos,229200,26,174,1,0,2.9006867056399526,0
batch,170832,11,94,1,0,3.0670102606370677,0
ppdhtml,291344,12,72,1,0,3.491804371107356,0
perl,101840,8,20,2,0,2.7186878702235924,0
dsmemberutil,102384,8,30,1,0,3.178269325535884,0
tset,136256,9,56,1,0,3.070732257684204,0
afscexpand,564800,12,59,1,0,3.6016986957345494,0
db_stat,2058976,12,130,1,0,3.1819631577777447,0
snmpdelta,137008,9,55,1,0,2.4945027473850576,0
nscurl,257936,26,106,1,0,3.3911117931285455,0
split,134816,9,27,1,0,2.9728745062154065,0
pip3,118848,11,13,1,0,2.2898275838884388,0
mkdir,101472,8,18,1,0,3.046605694463817,0
view,5469856,18,251,1,0,3.3014404217842253,0
kswitch,235856,11,139,12,0,2.829799393464215,0
jhsdb,135664,13,35,1,0,3.0445782033512967,0
link,102080,9,30,1,0,3.0297519865725713,0
ldapcompare,754592,15,249,1,0,3.028634502456598,0
ppdi,291568,12,75,1,0,3.505362814449429,0
xcrun,117392,6,3,1,0,2.3560527338153947,0
chflags,101648,8,21,1,0,3.0777220205012936,0
modelmanagerdump,161968,20,78,1,0,2.494112091807284,0
tsort,101872,8,25,1,0,3.090840559013179,0
system-override,345728,27,131,1,0,2.9875558294884192,0
trimforce,137200,20,59,1,0,2.7468696664249355,0
launchctl,362736,18,222,1,0,2.339216141377045,0
applesingle,169216,9,50,1,0,2.6664534138191374,0
printf,102000,9,27,1,0,3.0598823639168695,0
dserr,100944,6,5,1,0,3.5855605487658373,0
whoami,102192,8,32,1,0,3.189986683646492,0
snmpusm,153648,10,59,1,0,2.457447260362687,0
ncctl,135248,8,32,1,0,2.815219524125839,0
bioutil,325472,23,69,1,0,2.8532575600514556,0
kill,101584,7,19,1,0,3.5486331265390936,0
rvim,5469856,18,251,1,0,3.3014404217842253,0
update_mcdp29xx,96784,11,73,1,0,2.7293914455204327,0
dscl,441152,28,156,1,0,3.045863153008011,0
bputil,196896,19,142,1,0,3.25499888060615,0
rsync,102224,9,27,1,0,2.7173109934173283,0
fstyp_msdos,101552,9,17,1,0,2.3328325469619915,0
latency,169248,9,56,1,0,3.139088555007085,0
agentxtrap,120944,9,63,1,0,2.7208166622387444,0
ResMerger,118848,11,13,1,0,2.2898275838884388,0
realpath,101072,7,8,1,0,3.2986659732259556,0
fgrep,153824,11,76,1,0,2.7644357185769803,0
xip,137008,15,43,1,0,3.0960573281093735,0
pcsctest,101776,6,19,1,0,3.1172276092118545,0
klist,235856,11,139,12,0,2.829799393464215,0
security,661696,31,643,1,0,3.3619184498931136,0
brctl,543712,31,326,1,0,3.391291265081903,0
mandoc,1087728,10,145,281,0,3.449478670360771,0
yacc,118848,11,13,1,0,2.2898275838884388,0
systemextensionsctl,176096,28,115,1,0,2.937230780913055,0
ruby,135200,8,26,4,0,2.936058360496048,0
ar,118848,11,13,1,0,2.2898275838884388,0
dynamic_pager,102320,8,24,1,0,3.015697103838642,0
snmpstatus,135856,7,31,1,0,3.018075616837432,0
dist_package_tool,1646560,39,860,1,0,3.5137519532627413,0
AssetCacheLocatorUtil,171888,24,74,1,0,3.001077456140218,0
ldapwhoami,754544,15,249,1,0,3.0287787813685094,0
dmc,136752,9,44,1,0,3.0312698399397893,0
delv,3977616,13,198,1,0,3.5929304551666634,0
syslog,191216,9,138,1,0,3.287949549567145,0
route,153472,10,67,1,0,2.7606877200928186,0
zip,422368,12,94,1,0,3.1180788818513823,0
parl,12998384,11,42,16,0,3.114819781112032,0
kpasswd,174912,9,63,7,0,3.1322418627555573,0
tidy,120736,9,62,1,0,2.966966156818709,0
compress,135296,9,37,1,0,3.040322326759519,0
zipinfo,436976,11,102,103,0,3.189565343991516,0
sips,489328,26,364,1,0,3.331643166419492,0
uux,274512,12,107,1,0,2.85740837483393,0
cmpdylib,118848,11,13,1,0,2.2898275838884388,0
codesign_allocate,118848,11,13,1,0,2.2898275838884388,0
mount_nfs,204288,12,89,1,0,2.4791461988275505,0
zprint,170320,13,52,1,0,2.6692576909866768,0
ranlib,118848,11,13,1,0,2.2898275838884388,0
quota,135200,9,33,1,0,2.606302643259654,0
xmllint,212512,9,201,1,0,3.0156549143181355,0
hdid,100848,5,3,1,0,3.2730896321121543,0
sample,174832,26,103,1,0,2.7834539033365164,0
pkill,138240,10,76,1,0,2.8530207890654484,0
profiles,434160,27,256,1,0,2.9617303736899276,0
atrm,170832,11,94,1,0,3.0670102606370677,0
orbd,135664,13,35,1,0,3.0445782033512967,0
tailspin,212512,19,157,1,0,2.873580996953841,0
usdzip,916624,10,152,10,0,4.084505092489527,0
objdump,118848,11,13,1,0,2.2898275838884388,0
zipsplit,238480,12,59,1,0,2.8423116689842676,0
umount,119472,8,46,1,0,2.6715134044287216,0
mailx,270880,12,115,1,0,2.8662908663296354,0
mount_devfs,117712,7,10,1,0,2.781859819064504,0
lsappinfo,1315872,22,747,1,0,3.0634012553970917,0
newgrp,102592,8,41,1,0,3.1005909584537816,0
host,3962608,13,200,1,0,3.5649215622222865,0
captoinfo,221392,11,109,1,0,2.902970702546939,0
jstatd,135664,13,35,1,0,3.0445782033512967,0
fsck_cs,342080,15,158,1,0,3.189461744453823,0
uptime,136640,11,60,1,0,2.4349464583034095,0
modelcatalogdump,249440,24,241,2,0,2.9541347434002816,0
timesyncanalyse,501440,23,71,1,0,3.7426610287064754,0
whois,135328,9,37,1,0,3.1600247729530935,0
llvm-gcc,118848,11,13,1,0,2.2898275838884388,0
dsymutil,118848,11,13,1,0,2.2898275838884388,0
awk,318912,11,85,1,0,3.1122777825311703,0
IOSDebug,170336,22,52,1,0,2.6824308149608105,0
tbtdiagnose,171456,23,59,1,0,2.869025900521058,0
sfltool,246272,30,169,1,0,3.0234256499215912,0
snmpgetnext,102336,6,27,1,0,3.359361474588061,0
mdfind,137056,20,51,1,0,2.67380940541282,0
ssh-keygen,850912,13,343,1,0,3.162299543105642,0
DeRez,118848,11,13,1,0,2.2898275838884388,0
patch,220624,11,99,1,0,2.878975976623236,0
odutil,268496,21,139,1,0,2.6910359112008804,0
fs_usage,188608,11,86,1,0,2.692255684200056,0
wall,119840,8,59,1,0,3.0032637482187363,0
taskinfo,190160,10,97,1,0,3.1519105201905377,0
bsdtar,195760,9,180,1,0,3.3618939989201917,0
machine,121216,11,73,1,0,2.8799701500650503,0
zsh,1344816,12,191,1058,0,2.9961775523257654,0
dddiagnose,1769696,36,836,1,0,3.4656845153883373,0
sha512sum,136576,11,62,1,0,2.9360655195524914,0
ldapsearch,823904,15,285,1,0,3.1037173060851275,0
tnameserv,135664,13,35,1,0,3.0445782033512967,0
gzcat,194992,11,104,2,0,3.0444454246039725,0
lpq,119280,7,40,1,0,3.254499077633858,0
afinfo,226288,18,156,1,0,3.1266362061503594,0
lockf,118672,9,33,1,0,2.8647010818458947,0
ldapmodify,787728,15,250,1,0,3.0338879859643257,0
pax,304688,11,135,1,0,3.0717409016627215,0
du,135408,10,39,1,0,2.7762660806934747,0
more,368496,11,85,1,0,3.210164084627786,0
shazam,1062976,28,619,1,0,3.4862763569683812,0
printenv,101088,7,9,1,0,3.235171622947615,0
zfgrep,153824,11,76,1,0,2.7644357185769803,0
test,101456,8,16,1,0,3.135322677374519,0
sha384sum,136576,11,62,1,0,2.9360655195524914,0
sdef,118912,11,12,1,0,2.2272005164485176,0
rmid,135664,13,35,1,0,3.0445782033512967,0
uuname,172048,11,67,1,0,2.811598752334792,0
sntp,120032,9,44,1,0,3.055157422495665,0
date,135296,10,35,1,0,2.9983653687074026,0
tiff2icns,135488,12,28,1,0,3.135649713676312,0
cat,119040,8,41,1,0,3.1774385670863436,0
nettop,212576,11,189,1,0,2.568013607548533,0
pkgbuild,257056,23,112,1,0,3.351289509087244,0
db_printlog,2126224,12,131,1,0,3.1955221497849973,0
snmpbulkget,118928,8,28,1,0,2.6514336793489686,0
usdtree,978496,10,206,2,0,4.123689270519177,0
w,136624,11,60,1,0,2.4349464583034095,0
dwarfdump,118848,11,13,1,0,2.2898275838884388,0
afplay,173664,15,94,1,0,3.398242258103925,0
top,241200,12,138,1,0,2.8896697678721566,0
launchd,1129728,29,534,1,0,2.749472370621295,0
sed,170320,11,80,1,0,2.6564171435675736,0
xml2man,118848,11,13,1,0,2.2898275838884388,0
jq,1376384,13,122,1,0,3.045373670370592,0
xcsdiagnose,118912,11,12,1,0,2.2272005164485176,0
aea,221504,8,83,1,0,3.4298232880167845,0
yes,100928,7,5,1,0,3.0251667640425213,0
nsupdate,3928352,13,206,1,0,3.559882822145165,0
make,118848,11,13,1,0,2.2898275838884388,0
ocspcheck,126352,7,105,18,0,3.1564462833249314,0
shutdown,137552,9,77,1,0,2.9867798204956433,0
chpass,140320,11,113,1,0,3.0423539036089378,0
vtool,118848,11,13,1,0,2.2898275838884388,0
pwpolicy,175680,13,141,1,0,2.6861091341345498,0
dig,3995568,13,204,1,0,3.5601175326585723,0
sqlite3,4312112,15,261,1,0,3.3422437693302145,0
trace,509024,29,340,1,0,3.071512614454222,0
nice,101472,7,17,1,0,3.4343318592147076,0
afhash,136000,11,38,1,0,3.222212532755972,0
nm,118848,11,13,1,0,2.2898275838884388,0
nologin,100992,6,6,1,0,3.5186967848353627,0
lp,119424,7,42,1,0,3.066514470827205,0
jshell,135664,13,35,1,0,3.0445782033512967,0
mktemp,101744,8,23,1,0,3.180158285264402,0
pfctl,484640,12,103,1,0,3.1085908660295245,0
snmpinform,135792,8,36,1,0,2.6565221405414086,0
ibtool,118912,11,12,1,0,2.2272005164485176,0
mount,171792,18,90,1,0,2.7909943933613715,0
ps,170864,11,77,1,0,2.9606247085504767,0
cp,136928,10,70,1,0,2.6861494184099675,0
dc,350352,11,52,1,0,3.3131324639469697,0
jpackage,135664,13,35,1,0,3.0445782033512967,0
compression_tool,118976,8,30,1,0,3.2392550220951617,0
networkQuality,255664,26,75,1,0,3.1361469907461976,0
afclip,171232,14,65,1,0,3.1168158390990115,0
codesign,394768,22,373,2,0,3.2823697887425314,0
last,119424,8,46,1,0,3.2544702635799374,0
plutil,276832,26,101,1,0,3.286166856381109,0
avbanalyse,567072,23,68,1,0,3.7549893021684366,0
db_upgrade,2058992,12,131,1,0,3.186326876812529,0
uuidgen,134112,7,12,1,0,3.517608316870507,0
dyld_info,118848,11,13,1,0,2.2898275838884388,0
xctrace,118912,11,12,1,0,2.2272005164485176,0
ed,202576,10,66,1,0,2.9572508877092956,0
mklocale,168480,10,42,1,0,2.7913319575658115,0
ncal,135776,10,46,1,0,3.049071661575145,0
parldyn5.34,170704,11,65,18,0,2.8998213402873945,0
nl,135216,9,35,1,0,2.9098599073564113,0
sha224sum,136576,11,62,1,0,2.9360655195524914,0
automator,171440,26,64,1,0,2.9181151867572415,0
bzfgrep,153824,11,76,1,0,2.7644357185769803,0
units,135760,10,46,1,0,2.8444735879291807,0
db_deadlock,2059056,12,132,1,0,3.1841897053476678,0
ppdpo,291264,12,70,1,0,3.489097526852282,0
snmpset,102320,7,28,1,0,2.9421369419871297,0
zcat,194992,11,104,2,0,3.0444454246039725,0
rmiregistry,135664,13,35,1,0,3.0445782033512967,0
tput,119440,8,49,1,0,2.857437932011888,0
ppdc,291936,12,83,1,0,3.505673784904351,0
gcc,118848,11,13,1,0,2.2898275838884388,0
chgrp,118576,9,30,1,0,2.8576547637374605,0
db_hotbackup,2059200,12,133,1,0,3.184048881678469,0
mount_lifs,135392,9,34,1,0,3.1902105825555,0
fmt,134896,9,27,1,0,2.739864621917697,0
mount_afp,134960,7,24,1,0,3.0796050576254017,0
snmptable,136592,9,50,1,0,2.5243028606616122,0
lessecho,117760,9,11,1,0,2.7711362921649516,0
users,119616,8,33,1,0,3.824052697039415,0
swiftc,118848,11,13,1,0,2.2898275838884388,0
ssh,1474224,18,465,1,0,3.186357977275179,0
quotacheck,135888,10,47,1,0,2.5316277110388326,0
nfsstat,204064,15,70,1,0,2.84548606913146,0
leaks,517104,29,281,1,0,3.383047075241492,0
layerutil,2069808,42,713,1,0,3.304882149858177,0
flex,118848,11,13,1,0,2.2898275838884388,0
xsltproc,137664,9,65,1,0,2.5377139590599764,0
whereis,102512,8,39,1,0,3.249301269961032,0
slogin,1474224,18,465,1,0,3.186357977275179,0
hostinfo,101536,7,15,1,0,3.2602140471946193,0
cpuctl,101520,7,16,1,0,3.530713147179618,0
gperf,118848,11,13,1,0,2.2898275838884388,0
localedef,203440,12,76,1,0,3.0088098121749467,0
dscacheutil,137680,14,72,1,0,2.991772360686298,0
tabs,101456,8,17,1,0,3.171988320090634,0
heap,312464,29,188,1,0,3.1783139168922356,0
ldapmodrdn,754544,15,248,1,0,3.026562404093783,0
afconvert,361648,19,183,1,0,3.218649184615179,0
env,102368,8,36,1,0,3.240945001696148,0
ifconfig,253024,12,81,1,0,2.8240959000112937,0
cal,135776,10,46,1,0,3.0476145113587187,0
ipcs,118240,8,25,1,0,2.9562179816093126,0
automationmodetool,136432,13,31,1,0,3.088504417429946,0
fstyp_hfs,101440,9,15,1,0,2.7029032504925046,0
g++,118848,11,13,1,0,2.2898275838884388,0
javap,135664,13,35,1,0,3.0445782033512967,0
gcov,118848,11,13,1,0,2.2898275838884388,0
assetutil,3696944,43,732,1,0,3.3874112525207205,0
which,101456,8,17,1,0,3.0202450565249306,0
serialver,135664,13,35,1,0,3.0445782033512967,0
db_archive,2058992,12,131,1,0,3.1841082674801826,0
echo,101184,7,11,1,0,3.4353382005760857,0
sha256sum,136576,11,62,1,0,2.9360655195524914,0
ping6,204272,11,80,1,0,2.7731131231854538,0
write,119184,7,45,1,0,3.693591577926248,0
xcscontrol,118912,11,12,1,0,2.2272005164485176,0
usdrecord,1242512,11,179,14,0,3.7512798070700395,0
atsutil,138096,16,66,1,0,2.7724005970652295,0
tar,195760,9,180,1,0,3.3618939989201917,0
truncate,101392,7,16,1,0,3.5454545172344347,0
kextutil,268640,21,263,1,0,2.88748739440016,0
mig,118848,11,13,1,0,2.2898275838884388,0
tftp,170608,12,83,1,0,2.6972796201114373,0
jimage,135664,13,35,1,0,3.0445782033512967,0
usbdiagnose,550320,24,77,1,0,3.2509083556041696,0
disklabel,137296,9,68,1,0,2.848059209440102,0
showmount,136560,8,49,1,0,2.815937251817858,0
CalculatorWidget,180640,24,219,2,0,2.8457676607810956,0
Calculator,2916144,36,1876,1,0,3.6533932660115576,0
